https://www.pccomponentes.com/hp-15s-fq2079ns-intel-core-i5-1135g7-16gb-512gb-ssd-156 ~
[[/soporte/	Centro de soporte,  	FEscribir ticket,  https://www.pccomponentes.com/	PcComponentes,  https://www.pccomponentes.com/premium	HAZTE PREMIUM,  https://www.pccomponentes.com/premium	,  https://www.pccomponentes.com/login	
,  https://www.pccomponentes.com/cart/	
ANON-c443fc83-3b2e-442a-a938-0f82314109a10,  #	,  #	,  #	,  https://www.pccomponentes.com/componentes	
,  https://www.pccomponentes.com/componentes	Ver todo  Componentes,  https://www.pccomponentes.com/configurador/	Configurador de PCs
,  https://www.pccomponentes.com/placas-base	Placas Base
,  https://www.pccomponentes.com/procesadores	Procesadores
,  https://www.pccomponentes.com/discos-duros	Discos Duros
,  https://www.pccomponentes.com/discos-duros-ssd	Discos Duros SSD
,  https://www.pccomponentes.com/tarjetas-graficas	Tarjetas Gráficas
,  https://www.pccomponentes.com/memorias-ram	Memoria RAM
,  https://www.pccomponentes.com/grabadoras-dvd-blu-ray	Grabadoras DVD/Blu Ray
,  https://www.pccomponentes.com/multilectores	Multilectores
,  https://www.pccomponentes.com/tarjetas-sonido	Tarjetas de Sonido
,  https://www.pccomponentes.com/torres	Torres/Cajas/Carcasas
 ,  https://www.pccomponentes.com/ventiladores	Ventilación
,  https://www.pccomponentes.com/fuentes-alimentacion	Fuentes Alimentación
,  https://www.pccomponentes.com/modding	Modding
,  https://www.pccomponentes.com/capturadoras	Edición/Captura Vídeo
,  https://www.pccomponentes.com/cables-internos-de-pc	Cables Internos PC
,  https://www.pccomponentes.com/conectividad	Conectividad
,  https://www.pccomponentes.com/sistemas-operativos	Sistemas operativos
,  https://www.pccomponentes.com/nvidia-gaming-store	¡Descubre Nvidia Store!
,  https://www.pccomponentes.com/ordenadores	
,  https://www.pccomponentes.com/ordenadores	Ver todo  Ordenadores,  https://www.pccomponentes.com/asistente-de-compra-para-tu-portatil	Te ayudamos a elegir portátil
,  https://www.pccomponentes.com/portatiles	Ver todos los portátiles
,  https://www.pccomponentes.com/portatiles/windows-10-64-bits/windows-10-home-32-bits/windows-10-home-64-bits/windows-10-pro-64-bits/windows-10-s	Portátiles con Windows
,  https://www.pccomponentes.com/portatiles/chrome-os	Portátiles Chromebook
,  https://www.pccomponentes.com/portatiles-sin-sistema-operativo	Portátiles sin sistema operativo
,  https://www.pccomponentes.com/portatiles-baratos	Portátiles baratos
,  https://www.pccomponentes.com/portatiles-gaming	Portátiles gaming
,  https://www.pccomponentes.com/portatiles/2-en-1-convertibles	Portátiles 2 en 1 Convertibles
,  https://www.pccomponentes.com/portatiles-ssd	Portátiles SSD
,  https://www.pccomponentes.com/portatil-hp	Portátiles HP
,  https://www.pccomponentes.com/macbook	Macbook Air / Pro
,  https://www.pccomponentes.com/portatiles-lenovo	Portátiles Lenovo
,  https://www.pccomponentes.com/portatil-asus	Portátiles Asus
,  https://www.pccomponentes.com/portatiles/huawei	Portátiles Huawei
,  https://www.pccomponentes.com/portatiles-msi	Portátiles MSI
,  https://www.pccomponentes.com/portatil-acer	Portátiles Acer
,  https://www.pccomponentes.com/portatiles/microsoft	Microsoft Surface
,  https://www.pccomponentes.com/portatiles-dell	Portátiles Dell
,  https://www.pccomponentes.com/accesorios-portatiles	Ver todos los accesorios
,  https://www.pccomponentes.com/sobremesa	Ver todos los PC Sobremesa
,  https://www.pccomponentes.com/sobremesa/windows-10-home-64-bits/windows-10-pro-64-bits	PC con Windows
,  https://www.pccomponentes.com/sobremesa/sin-s-o	PC sin sistema operativo
,  https://www.pccomponentes.com/sobremesa/sobremesa-gaming	PC gaming
,  https://www.pccomponentes.com/all-in-one	PC todo en uno (All in One)
,  https://www.pccomponentes.com/mini-pcs	Mini PC
,  https://www.pccomponentes.com/barebones	Barebones
,  https://www.pccomponentes.com/servidores	Servidores
,  https://www.pccomponentes.com/configurador/	Configurador PC
,  https://www.pccomponentes.com/sobremesa/hp	PC HP
,  https://www.pccomponentes.com/ordenadores-lenovo	PC Lenovo
,  https://www.pccomponentes.com/ordenadores-msi	PC MSI
,  https://www.pccomponentes.com/sobremesa/dell	PC DELL
,  https://www.pccomponentes.com/sobremesa/pccom	PcCom
,  https://www.pccomponentes.com/all-in-one/apple	Mac / iMac
,  https://www.pccomponentes.com/pccom	Descubre PcCom,  los ordenadores creados por PcComponentes
,  https://www.pccomponentes.com/chromebook-es-mas-que-un-portatil	Descubre nuestros Chromebooks
,  https://www.pccomponentes.com/msi-store	¡Descubre MSI Store!
,  https://www.pccomponentes.com/hp-store	¡Descubre HP Store!
,  https://www.pccomponentes.com/acer-store	¡Descubre Acer Store!
,  https://www.pccomponentes.com/smartphones-gps	
,  https://www.pccomponentes.com/smartphones-gps	Ver todo  Smartphones y Telefonía,  https://www.pccomponentes.com/smartphone-moviles	Smartphones
,  https://www.pccomponentes.com/moviles-basicos	Móviles Básicos
,  https://www.pccomponentes.com/moviles-basicos/para-mayores	Móviles para mayores
,  https://www.pccomponentes.com/smartphone-moviles-samsung	Samsung
,  https://www.pccomponentes.com/smartphone-moviles-huawei	Huawei
,  https://www.pccomponentes.com/iphone	iPhone
,  https://www.pccomponentes.com/smartphone-moviles/realme	Realme
,  https://www.pccomponentes.com/smartphone-moviles-xiaomi	Xiaomi
 ,  https://www.pccomponentes.com/smartphone-moviles/oppo	Oppo
,  https://www.pccomponentes.com/smartphone-moviles	> Ver más marcas ,  https://www.pccomponentes.com/iphone	iPhone
,  https://www.pccomponentes.com/accesorios-iphone	Accesorios iPhone
,  https://www.pccomponentes.com/auriculares/apple	Auriculares iPhone
,  https://www.pccomponentes.com/smartwatch/apple	Apple Watch
,  https://www.pccomponentes.com/smartphone-moviles/apple/reacondicionado	iPhone Reacondicionados
,  https://www.pccomponentes.com/fundas-y-carcasas-para-moviles-smartphones	Fundas Smartphone
,  https://www.pccomponentes.com/accesorios-smartphone/protectores-pantalla	Protectores de pantalla
,  https://www.pccomponentes.com/powerbanks	Powerbanks
,  https://www.pccomponentes.com/micro-sd	Tarjetas MicroSD
,  https://www.pccomponentes.com/auriculares/manos-libres	Manos Libres para Smartphone
,  https://www.pccomponentes.com/accesorios-smartphone/cargador	Cargadores
,  https://www.pccomponentes.com/accesorios-smartphone	> Ver todos los Accesorios ,  https://www.pccomponentes.com/wearables	Wearables
,  https://www.pccomponentes.com/smartwatch	Relojes Smartwatch
,  https://www.pccomponentes.com/pulseras-de-actividad	Pulseras de Actividad
,  https://www.pccomponentes.com/relojes-deportivos-pulsometros	Relojes deportivos
,  https://www.pccomponentes.com/accesorios-smartwatch	Accesorios Smartwatch
,  https://www.pccomponentes.com/auriculares-bluetooth-deportivos	Auriculares Bluetooth Deportivos
,  https://www.pccomponentes.com/telefonos-fijos/telefono-sobremesa	Teléfonos sobremesa
,  https://www.pccomponentes.com/telefonos-fijos/inalambricos-sin-cable	Teléfonos inalámbricos
,  https://www.pccomponentes.com/voip	Teléfonos Voip
 ,  https://www.pccomponentes.com/gafas-realidad-virtual	Gafas de Realidad Virtual
,  https://www.pccomponentes.com/accesorios-coche	Accesorios Automóvil
,  https://www.pccomponentes.com/car-audio	Car Audio/Auto Radios
,  https://www.pccomponentes.com/navegador-gps	GPS Automoción
,  https://www.pccomponentes.com/seleccion-samsung	¡Descubre el Espacio Samsung!
,  https://www.pccomponentes.com/huawei-store	¡Descubre el Espacio Huawei!
,  https://www.pccomponentes.com/audio-foto-video	
,  https://www.pccomponentes.com/audio-foto-video	Ver todo  Audio,  Foto y Vídeo,  https://www.pccomponentes.com/televisores	Televisores
,  https://www.pccomponentes.com/home-cinema	Home Cinema
,  https://www.pccomponentes.com/altavoces-tv-barras-sonido	Altavoces TV/Barras de Sonido
,  https://www.pccomponentes.com/monitores-pc	Monitores
,  https://www.pccomponentes.com/accesorios-de-soportes	Soportes TV/Monitor
,  https://www.pccomponentes.com/proyectores	Proyectores
,  https://www.pccomponentes.com/pantallas-de-proyeccion	Pantallas Proyección
,  https://www.pccomponentes.com/pizarras	Pizarras Digitales
,  https://www.pccomponentes.com/android-smart-tv	Android/Smart TV
,  https://www.pccomponentes.com/camaras-digitales	Cámaras Digitales
,  https://www.pccomponentes.com/camaras-reflex	Cámaras Reflex
,  https://www.pccomponentes.com/objetivos	Objetivos para cámaras
,  https://www.pccomponentes.com/accesorios-camaras	Accesorios Camaras
,  https://www.pccomponentes.com/tarjetas-de-memoria	Tarjetas De Memoria
,  https://www.pccomponentes.com/multilectores	Lectores de Tarjetas
,  https://www.pccomponentes.com/papel-para-impresora	Papel Fotográfico
,  https://www.pccomponentes.com/impresoras	Impresoras
,  https://www.pccomponentes.com/auriculares	Auriculares
,  https://www.pccomponentes.com/altavoces	Altavoces
,  https://www.pccomponentes.com/microfonos	Micrófonos
,  https://www.pccomponentes.com/micro-cadenas-hi-fi	Micro-Cadenas/Hi-Fi
,  https://www.pccomponentes.com/reproductores-mp3-mp4	Reproductores MP3/MP4
,  https://www.pccomponentes.com/conectividad/adaptador-audio	Adaptadores Audio
,  https://www.pccomponentes.com/accesorios-coche	Accesorios Automóvil
,  https://www.pccomponentes.com/car-audio	Car Audio/Auto Radios
 ,  https://www.pccomponentes.com/grabadoras-de-voz	Grabadoras Digitales
,  https://www.pccomponentes.com/audio-pro	Audio Pro
,  https://www.pccomponentes.com/mundo-dj	Mundo DJ
,  https://www.pccomponentes.com/videocamaras	Videocamaras
,  https://www.pccomponentes.com/reproductores-blu-ray-dvd	Reproductores Blu Ray/DVD
,  https://www.pccomponentes.com/capturadoras	Edición/Captura Vídeo
,  https://www.pccomponentes.com/camaras-ip	Cámaras IP
,  https://www.pccomponentes.com/receptores-tv	Receptores TV
,  https://www.pccomponentes.com/multimedia	Multimedia
,  https://www.pccomponentes.com/accesorios-camaras-deportivas	Accesorios Cámaras Deportivas
,  https://www.pccomponentes.com/libros-electronicos-e-books	Libros electrónicos
 ,  https://www.pccomponentes.com/mandos-a-distancia	Mandos a Distancia
,  https://www.pccomponentes.com/cables-audio-video	Cables Audio/Vídeo
,  https://www.pccomponentes.com/accesorios-portatiles/adaptador	Cargadores Universales
,  https://www.pccomponentes.com/perifericos	
,  https://www.pccomponentes.com/perifericos	Ver todo  Periféricos,  https://www.pccomponentes.com/monitores-pc	Monitores
,  https://www.pccomponentes.com/teclados	Teclados
,  https://www.pccomponentes.com/ratones	Ratones
,  https://www.pccomponentes.com/altavoces	Altavoces
,  https://www.pccomponentes.com/auriculares	Auriculares
 ,  https://www.pccomponentes.com/sillas-gaming	Sillas gaming
,  https://www.pccomponentes.com/mesas-gaming	Mesas Gaming
,  https://www.pccomponentes.com/webcam	Webcam/Cámaras Web
,  https://www.pccomponentes.com/gamepads-joysticks	Gamepads/Joysticks
,  https://www.pccomponentes.com/impresoras	Impresoras
,  https://www.pccomponentes.com/multifunciones	Multifunciones
,  https://www.pccomponentes.com/impresoras-3d	Impresoras 3D
,  https://www.pccomponentes.com/microfonos	Micrófonos
,  https://www.pccomponentes.com/tabletas-digitales	Tabletas Digitales
,  https://www.pccomponentes.com/accesorios-gaming	Accesorios Gaming
,  https://www.pccomponentes.com/sais	SAIS
,  https://www.pccomponentes.com/escaners	Escaners
,  https://www.pccomponentes.com/gadgets	Gadgets
,  https://www.pccomponentes.com/memorias-usb-pendrive	Memorias USB
,  https://www.pccomponentes.com/tarjetas-de-memoria	Tarjetas de Memoria
,  https://www.pccomponentes.com/discos-duros-externos	Discos Duros Externos
,  https://www.pccomponentes.com/discos-duros-carcasas-de-red-nas	Discos Duros de Red/NAS
,  https://www.pccomponentes.com/proyectores	Proyectores
,  https://www.pccomponentes.com/presentadores-multimedia	Presentadores
,  https://www.pccomponentes.com/capturadoras	Edición/Captura Vídeo
,  https://www.pccomponentes.com/bluetooth	Bluetooth
,  https://www.pccomponentes.com/destructoras-papel	Destructoras Papel
,  https://www.pccomponentes.com/material-de-oficina	Material de oficina
,  https://www.pccomponentes.com/tpv	TPV/Punto de Venta
 ,  https://www.pccomponentes.com/papel-para-impresora	Papel para impresora
,  https://www.pccomponentes.com/sillas-oficina	Sillas de oficina
,  https://www.pccomponentes.com/sistemas-videoconferencia	Sistemas de Videoconferencia
,  https://www.pccomponentes.com/gafas/luz-azul	Gafas de Luz Azul
,  https://www.pccomponentes.com/regletas	Regletas
,  https://www.pccomponentes.com/conectividad	Conectividad
,  https://www.pccomponentes.com/conectividad/hub	Hub USB
,  https://www.pccomponentes.com/sais	SAIS
,  https://www.pccomponentes.com/alfombrillas	Alfombrillas ratón
,  https://www.pccomponentes.com/modding/tipo-organizacion	Organización de cables
,  https://www.pccomponentes.com/sistemas-operativos	Sistemas Operativos
,  https://www.pccomponentes.com/software-aplicaciones	Software Aplicaciones
,  https://www.pccomponentes.com/corsair-store	Descubre Corsair Store
,  https://www.pccomponentes.com/televisores	
,  https://www.pccomponentes.com/televisores	Ver todo  Televisores,  https://www.pccomponentes.com/televisores-samsung	Televisores Samsung
,  https://www.pccomponentes.com/televisores-lg	Televisores LG
,  https://www.pccomponentes.com/televisores-sony	Televisores Sony
,  https://www.pccomponentes.com/televisores/td-systems	Televisores TD Systems
,  https://www.pccomponentes.com/tv-philips	Televisores Philips
,  https://www.pccomponentes.com/televisores	Ver más ,  https://www.pccomponentes.com/televisores-32-pulgadas	TV 32 pulgadas
,  https://www.pccomponentes.com/tv-40-pulgadas	TV 40 pulgadas
,  https://www.pccomponentes.com/televisores-50-pulgadas	TV 50 pulgadas
,  https://www.pccomponentes.com/televisores-55-pulgadas	TV 55 pulgadas
,  https://www.pccomponentes.com/televisores	Ver más ,  https://www.pccomponentes.com/televisores/smart-tv	Smart TV
,  https://www.pccomponentes.com/televisores/3840-x-2160-4k-uhd	4K/UHD
,  https://www.pccomponentes.com/televisores/oled	OLED
,  https://www.pccomponentes.com/televisores/qled	QLED
,  https://www.pccomponentes.com/televisores/ambilight	TV Ambilight
,  https://www.pccomponentes.com/accesorios-de-soportes/soporte-tv	Soportes TV
,  https://www.pccomponentes.com/android-smart-tv	Android/Apple TV
,  https://www.pccomponentes.com/mandos-a-distancia	Mandos a distancia
,  https://www.pccomponentes.com/cables-hdmi	Cables HDMI
,  https://www.pccomponentes.com/home-cinema	Home Cinema
,  https://www.pccomponentes.com/altavoces-tv-barras-sonido	Barras de Sonido y Altavoces TV
,  https://www.pccomponentes.com/altavoces/barra-de-sonido/torre-de-sonido	Torres de sonido
,  https://www.pccomponentes.com/tablets-pc-ebook	
,  https://www.pccomponentes.com/tablets-pc-ebook	Ver todo  Tablets y Ebooks,  https://www.pccomponentes.com/tablets	Tablets
,  https://www.pccomponentes.com/tablets-samsung	Tablets Samsung
,  https://www.pccomponentes.com/tablets-huawei	Tablets Huawei
,  https://www.pccomponentes.com/tablets-lenovo	Tablets Lenovo
 ,  https://www.pccomponentes.com/fundas-para-tablets	Fundas para tablets
,  https://www.pccomponentes.com/carcasas-personalizadas	Fundas personalizadas
,  https://www.pccomponentes.com/protectores-de-pantalla-para-tablets	Protectores de pantalla
,  https://www.pccomponentes.com/soportes-para-tablets	Soportes para tablets
,  https://www.pccomponentes.com/micro-sd	Tarjetas MicroSD
,  https://www.pccomponentes.com/pen-stylus	Pen Stylus
,  https://www.pccomponentes.com/libros-electronicos-e-books	eBooks/Libros electrónicos
,  https://www.pccomponentes.com/accesorios-libros-electronicos	Accesorios e-Books
,  https://www.pccomponentes.com/tablets/apple	iPad
,  https://www.pccomponentes.com/consolas-gaming	
 ,  https://www.pccomponentes.com/consolas-gaming	Ver todo  Consolas y Gaming,  https://www.pccomponentes.com/videoconsolas-ps5	PS5
,  https://www.pccomponentes.com/microsoft-xbox-series-x-1tb	Xbox Series X
,  https://www.pccomponentes.com/microsoft-xbox-series-s-512gb	Xbox Series S
,  https://www.pccomponentes.com/videoconsolas-ps4	PS4
,  https://www.pccomponentes.com/videoconsolas-nintendo-switch	Nintendo Switch
,  https://www.pccomponentes.com/videoconsolas-xbox-one	Xbox One
,  https://www.pccomponentes.com/videoconsolas-nintendo-ds-3ds	Nintendo DS/3DS
,  https://www.pccomponentes.com/consolas-retro	Consolas retro,  mini y arcade
,  https://www.pccomponentes.com/juegos-ps4	Juegos PS4
 ,  https://www.pccomponentes.com/juegos-ps5	Juegos PS5
,  https://www.pccomponentes.com/juegos-nintendo-switch	Juegos Nintendo Switch
,  https://www.pccomponentes.com/juegos-xbox-one	Juegos Xbox One
,  https://www.pccomponentes.com/juegos-nintendo-3ds	Juegos Nintendo 3DS
,  https://www.pccomponentes.com/juegos-pc	Juegos Para PC
,  https://www.pccomponentes.com/juegos-nintendo-wii	Juegos Nintendo Wii/Wii U
,  https://www.pccomponentes.com/accesorios-ps4	Accesorios PS4
,  https://www.pccomponentes.com/accesorios-ps5	Accesorios PS5
,  https://www.pccomponentes.com/volantes-ps4	Volantes PS4
,  https://www.pccomponentes.com/accesorios-nintendo-switch	Accesorios Nintendo Switch
,  https://www.pccomponentes.com/accesorios-xbox-one	Accesorios Xbox One
,  https://www.pccomponentes.com/accesorios-xbox-series-x-s	Accesorios Xbox Series X/S
 ,  https://www.pccomponentes.com/accesorios-nintendo-ds-3ds	Accesorios DS/3DS
,  https://www.pccomponentes.com/mandos-pc	Mandos PC / Gamepads
,  https://www.pccomponentes.com/volantes	Volantes PC
,  https://www.pccomponentes.com/joysticks	Joysticks PC
,  https://www.pccomponentes.com/auriculares-gaming	Auriculares Gaming
,  https://www.pccomponentes.com/teclados-gaming	Teclados Gaming
,  https://www.pccomponentes.com/ratones-gaming	Ratones Gaming
,  https://www.pccomponentes.com/sillas-gaming	Sillas Gaming
,  https://www.pccomponentes.com/mesas-gaming	Mesas gaming
,  https://www.pccomponentes.com/accesorios-gaming	Accesorios Gaming
,  https://www.pccomponentes.com/alfombrillas	Alfombrillas
,  https://www.pccomponentes.com/puff	Puff Gaming
,  https://www.pccomponentes.com/mandos-ps4	Mandos PS4
,  https://www.pccomponentes.com/mandos-nintendo-switch	Mandos Nintendo Switch
,  https://www.pccomponentes.com/mandos-xbox-one	Mandos Xbox One
,  https://www.pccomponentes.com/mandos-pc	Mandos PC
,  https://www.pccomponentes.com/proximos-lanzamientos-videojuegos	Precompra,  Lanzamientos y Novedades
,  https://www.pccomponentes.com/seleccion-de-ofertas-en-juegos	Ofertas en videojuegos
,  https://www.pccomponentes.com/ofertas-especiales-en-consolas	Ofertas en consolas
,  https://www.pccomponentes.com/lanzamiento-playstation-5-caracteristicas	PS5
,  https://www.pccomponentes.com/xbox-series-x-lanzamiento-caracteristicas	Xbox Series X
,  https://www.pccomponentes.com/consumibles	
,  https://www.pccomponentes.com/consumibles	Ver todo  Impresoras y Consumibles,  https://www.pccomponentes.com/multifunciones/inyeccion-de-tinta	Multifunciones Inyección de Tinta
,  https://www.pccomponentes.com/multifunciones-laser	Multifunciones láser
,  https://www.pccomponentes.com/multifunciones	Todas las Multifunciones
,  https://www.pccomponentes.com/impresoras-inyeccion-tinta	Impresoras de inyección de tinta
,  https://www.pccomponentes.com/impresoras-laser	Impresoras láser
,  https://www.pccomponentes.com/impresoras/matricial	Impresoras Matriciales
,  https://www.pccomponentes.com/impresoras	Todas las impresoras
,  https://www.pccomponentes.com/escaners	Todos los Escáners
,  https://www.pccomponentes.com/escaners/documentos	Escáners de documentos
,  https://www.pccomponentes.com/escaners/fotograficos	Escáners fotográficos
,  https://www.pccomponentes.com/impresoras-3d	Impresoras 3D
,  https://www.pccomponentes.com/bobinas-filamento-pla	Bobinas Filamento PLA
,  https://www.pccomponentes.com/bobinas-filamento-abs	Bobinas Filamento ABS
,  https://www.pccomponentes.com/componentes-tpv/impresoras-tickets	Impresoras de tickets
,  https://www.pccomponentes.com/componentes-tpv/impresoras-etiquetas	Impresoras de etiquetas
,  https://www.pccomponentes.com/consumibles-tpv	Consumibles de tickets/etiquetas
,  https://www.pccomponentes.com/tintas/cartuchos/hp/originales	Tinta HP original
,  https://www.pccomponentes.com/tintas/cartuchos/epson/originales	Tinta Epson original
,  https://www.pccomponentes.com/tintas/canon/cartuchos/originales	Tinta Canon original
,  https://www.pccomponentes.com/tintas/brother/cartuchos/originales	Tinta Brother original
,  https://www.pccomponentes.com/tintas/cartuchos/compatibles/para-impresora-hp	Tinta HP compatible
,  https://www.pccomponentes.com/tintas/cartuchos/compatibles/para-impresora-epson	Tinta Epson compatible
,  https://www.pccomponentes.com/tintas/cartuchos/compatibles/para-canon	Tinta Canon compatible
,  https://www.pccomponentes.com/tintas/cartuchos/compatibles/para-impresora-brother	Tinta Brother compatible
,  https://www.pccomponentes.com/tintas/hp/originales/toners	Tóner HP original
,  https://www.pccomponentes.com/tintas/epson/originales/toners	Tóner Epson original
,  https://www.pccomponentes.com/tintas/canon/originales/toners	Tóner Canon original
,  https://www.pccomponentes.com/tintas/brother/originales/toners	Tóner Brother original
,  https://www.pccomponentes.com/tintas/originales/samsung/toners	Tóner Samsung original
 ,  https://www.pccomponentes.com/tintas/oki/originales/toners	Tóner OKI original
,  https://www.pccomponentes.com/tintas/compatibles/para-impresora-hp/toners	Tóner HP compatible
,  https://www.pccomponentes.com/tintas/compatibles/para-impresora-epson/toners	Tóner Epson compatible
,  https://www.pccomponentes.com/tintas/compatibles/para-canon/toners	Tóner Canon compatible
,  https://www.pccomponentes.com/tintas/compatibles/para-impresora-brother/toners	Tóner Brother compatible
,  https://www.pccomponentes.com/tintas/compatibles/para-impresora-samsung/toners	Tóner Samsung compatible
,  https://www.pccomponentes.com/tintas/compatibles/para-impresora-oki/toners	Tóner OKI compatible
,  https://www.pccomponentes.com/papel-para-impresora	Papel para impresora
,  https://www.pccomponentes.com/papel-para-impresora/hp	Papel para impresora HP
,  https://www.pccomponentes.com/cd-dvd	CD/DVD
,  https://www.pccomponentes.com/tintas	Todos los cartuchos/toners
 ,  https://www.pccomponentes.com/smarthome	
,  https://www.pccomponentes.com/smarthome	Ver todo  Smarthome,  https://www.pccomponentes.com/que-es-smarthome	¿Qué es Smarthome?
,  https://www.pccomponentes.com/smarthome	Ir a Smarthome
,  https://www.pccomponentes.com/alarmas	Alarmas
,  https://www.pccomponentes.com/sensores-y-detectores-de-movimiento	Detectores de movimiento
,  https://www.pccomponentes.com/camaras-ip	Cámaras IP
,  https://www.pccomponentes.com/camara-vigila-bebes	Cámaras Vigilabebés
,  https://www.pccomponentes.com/termostatos-inteligentes	Termostatos inteligentes
,  https://www.pccomponentes.com/estaciones-climatologicas	Estaciones climatológicas
,  https://www.pccomponentes.com/enchufes-inteligentes	Enchufes inteligentes
,  https://www.pccomponentes.com/termostato-inteligente-nest	Descubre los termostatos inteligentes Nest
,  https://www.pccomponentes.com/smartlights	Smartlights
,  https://www.pccomponentes.com/sensores-y-detectores-de-movimiento	Sensores de presencia
,  https://www.pccomponentes.com/smartlighting-iluminacion-inteligente	Descubre cómo ahorrar en tu factura de la luz
,  https://www.pccomponentes.com/robot-aspiradoras	Robots aspiradores
,  https://www.pccomponentes.com/conectividad/google	ChromeCast
,  https://www.pccomponentes.com/wearables	Wearables
,  https://www.pccomponentes.com/electro-hogar	
,  https://www.pccomponentes.com/electro-hogar	Ver todo  Electrodomésticos y Hogar,  https://www.pccomponentes.com/encimeras	Encimeras
,  https://www.pccomponentes.com/hornos	Hornos
,  https://www.pccomponentes.com/campanas-extractoras	Campanas extractoras
,  https://www.pccomponentes.com/lavavajillas	Lavavajillas
,  https://www.pccomponentes.com/frigorificos	Frigoríficos
,  https://www.pccomponentes.com/congeladores	Congeladores
,  https://www.pccomponentes.com/vinotecas	Vinotecas
,  https://www.pccomponentes.com/lavadoras	Lavadoras
,  https://www.pccomponentes.com/secadoras	Secadoras
,  https://www.pccomponentes.com/calentadores-y-termos	Calentadores y Termos
,  https://www.pccomponentes.com/lavasecadoras	Lavasecadoras
,  https://www.pccomponentes.com/cocinas	Cocinas
,  https://www.pccomponentes.com/cafeteras	Cafeteras
,  https://www.pccomponentes.com/capsulas-para-cafeteras	Todas las Cápsulas
,  https://www.pccomponentes.com/capsulas-para-cafeteras/nescafe-dolce-gusto	Cápsulas para Dolce Gusto
,  https://www.pccomponentes.com/capsulas-para-cafeteras/nescafe-nespresso	Cápsulas para Nespresso
,  https://www.pccomponentes.com/molinillo-cafe	Molinillos de café
,  https://www.pccomponentes.com/robots-cocina	Robots de cocina
,  https://www.pccomponentes.com/microondas	Microondas
,  https://www.pccomponentes.com/panificadoras	Panificadoras
 ,  https://www.pccomponentes.com/batidoras	Batidoras
,  https://www.pccomponentes.com/licuadoras	Licuadoras
,  https://www.pccomponentes.com/picadoras	Picadoras
,  https://www.pccomponentes.com/cortafiambres	Cortafiambres
,  https://www.pccomponentes.com/envasado-de-alimentos	Envasado de alimentos
,  https://www.pccomponentes.com/tostadoras	Tostadoras
,  https://www.pccomponentes.com/sandwicheras	Sandwicheras
,  https://www.pccomponentes.com/planchas-barbacoas-grills	Barbacoas,  planchas y grills
,  https://www.pccomponentes.com/freidoras	Freidoras
,  https://www.pccomponentes.com/ollas-electricas	Ollas eléctricas
,  https://www.pccomponentes.com/fun-cooking	Fun Cooking
,  https://www.pccomponentes.com/basculas-de-cocina	Básculas de cocina
,  https://www.pccomponentes.com/exprimidores	Exprimidores
,  https://www.pccomponentes.com/hervidoras	Hervidoras
,  https://www.pccomponentes.com/purificacion-de-agua	Purificación / Dispensadores de agua
,  https://www.pccomponentes.com/ventiladores-hogar	Ventiladores
,  https://www.pccomponentes.com/aire-acondicionado	Aire Acondicionado
,  https://www.pccomponentes.com/especial-clima	Especial Clima
,  https://www.pccomponentes.com/calefactores	Calefactores
,  https://www.pccomponentes.com/estufas	Estufas
,  https://www.pccomponentes.com/radiadores-electricos	Radiadores Eléctricos
,  https://www.pccomponentes.com/chimeneas	Chimeneas
,  https://www.pccomponentes.com/biochimeneas	Biochimeneas
,  https://www.pccomponentes.com/tratamiento-del-aire	Tratamiento del aire
,  https://www.pccomponentes.com/robot-aspiradoras	Robot Aspirador
,  https://www.pccomponentes.com/aspiradoras	Aspiradoras
,  https://www.pccomponentes.com/limpiadoras-de-vapor	Vaporetas y limpieza a vapor
,  https://www.pccomponentes.com/hidrolimpiadoras	Hidrolimpiadoras
,  https://www.pccomponentes.com/planchado	Planchas y Centros de Planchado
,  https://www.pccomponentes.com/maquinas-de-coser	Máquinas de coser
,  https://www.pccomponentes.com/articulos-de-limpieza	Limpieza de dispositivos electrónicos
,  https://www.pccomponentes.com/smarthome	Smarthome
,  https://www.pccomponentes.com/mesas-escritorio	Mesas de escritorio
,  https://www.pccomponentes.com/sillas	Sillas
,  https://www.pccomponentes.com/taburetes	Taburetes
,  https://www.pccomponentes.com/telefonos-fijos	Teléfonos Sobremesa e Inalámbricos
 ,  https://www.pccomponentes.com/iluminacion-hogar	Iluminación
,  https://www.pccomponentes.com/ahorro-energetico	Ahorro Energético
,  https://www.pccomponentes.com/walkie-talkie	Walkie Talkie
,  https://www.pccomponentes.com/pilas-y-baterias	Pilas y Baterías
,  https://www.pccomponentes.com/seguridad-y-vigilancia	Seguridad/Vigilancia
,  https://www.pccomponentes.com/herramienta-electrica	Herramienta Eléctrica
,  https://www.pccomponentes.com/herramienta-de-mano	Herramienta de Mano
,  https://www.pccomponentes.com/mata-insectos	Mata insectos
,  https://www.pccomponentes.com/varios-electro-hogar	Varios
,  https://www.pccomponentes.com/cuidado-personal	
,  https://www.pccomponentes.com/cuidado-personal	Ver todo  Cuidado Personal y Salud,  https://www.pccomponentes.com/pulseras-de-actividad	Pulseras de actividad
,  https://www.pccomponentes.com/relojes-deportivos-pulsometros	Pulsómetros (Relojes Deportivos)
,  https://www.pccomponentes.com/afeitadoras	Afeitadoras
,  https://www.pccomponentes.com/cortapelos	Cortapelos
,  https://www.pccomponentes.com/depiladoras	Depiladoras
,  https://www.pccomponentes.com/cuidado-facial-y-corporal	Cuidado facial y corporal
,  https://www.pccomponentes.com/secadores-de-pelo	Secadores de pelo
,  https://www.pccomponentes.com/planchas-de-pelo	Planchas de pelo
,  https://www.pccomponentes.com/rizadores-y-moldeadores	Tenacillas y rizadores
,  https://www.pccomponentes.com/rizadores-y-moldeadores	Cepillos moldeadores
,  https://www.pccomponentes.com/cepillos-electricos	Cepillos de dientes eléctricos
,  https://www.pccomponentes.com/tensiometros	Tensiómetros
,  https://www.pccomponentes.com/salud-sexual	Salud sexual
,  https://www.pccomponentes.com/basculas	Básculas
,  https://www.pccomponentes.com/mantas-electricas	Mantas eléctricas
,  https://www.pccomponentes.com/termometros	Termómetros
,  https://www.pccomponentes.com/salud-y-bienestar	Salud y bienestar
,  https://www.pccomponentes.com/gafas/luz-azul	Gafas de Luz Azul
,  https://www.pccomponentes.com/cintas-de-correr	Cintas de correr
,  https://www.pccomponentes.com/bicicletas-estaticas	Bicicletas estáticas
,  https://www.pccomponentes.com/bicicletas-elipticas	Bicicletas elípticas
,  https://www.pccomponentes.com/higiene-y-productos-sanitarios	Esterilizadores y desinfectantes
 ,  https://www.pccomponentes.com/redes	
,  https://www.pccomponentes.com/redes	Ver todo  Redes,  https://www.pccomponentes.com/puntos-de-acceso	Puntos de acceso
,  https://www.pccomponentes.com/routers	Routers
,  https://www.pccomponentes.com/hubs-switchs	Hubs/Switchs
,  https://www.pccomponentes.com/redes-home-plug	Redes Home Plug
,  https://www.pccomponentes.com/tarjetas-de-red	Tarjetas Red
,  https://www.pccomponentes.com/cables-de-red	Cable de red
,  https://www.pccomponentes.com/wifi-mesh	Sistemas WiFi Mesh
,  https://www.pccomponentes.com/armarios-rack	Armarios Rack
,  https://www.pccomponentes.com/antenas	Antenas
,  https://www.pccomponentes.com/camaras-ip	Cámaras IP
,  https://www.pccomponentes.com/adaptadores-usb-red	Adaptadores USB
,  https://www.pccomponentes.com/paneles-de-parcheo	Paneles de Parcheo
,  https://www.pccomponentes.com/servidores-impresion	Servidores Impresión
,  https://www.pccomponentes.com/voip	Teléfonos VoIP
,  https://www.pccomponentes.com/cable-wifi-coaxial	Cable Coaxial WiFi
,  https://www.pccomponentes.com/herramientas-y-utiles-de-montaje	Herramientas/Útiles
,  https://www.pccomponentes.com/domotica	Artículos de domótica
,  https://www.pccomponentes.com/cables	
,  https://www.pccomponentes.com/cables	Ver todo  Cables,  https://www.pccomponentes.com/conectividad	Adaptadores
 ,  https://www.pccomponentes.com/cables-audio-video	Cables Audio/Vídeo
,  https://www.pccomponentes.com/cables-displayport	Cables DisplayPort
,  https://www.pccomponentes.com/cables-dvi	Cables DVI
,  https://www.pccomponentes.com/cables-hdmi	Cables HDMI
,  https://www.pccomponentes.com/cables-de-fibra-optica	Cables de Fibra Óptica
,  https://www.pccomponentes.com/cables-internos-de-pc	Cables Internos PC
,  https://www.pccomponentes.com/cables-de-red	Cables de Red
,  https://www.pccomponentes.com/cables-sata	Cables Serial ATA
,  https://www.pccomponentes.com/cables-serie-paralelo	Cables Serie/Paralelo
,  https://www.pccomponentes.com/cables-usb	Cables USB
,  https://www.pccomponentes.com/cables-vga	Cables VGA
,  https://www.pccomponentes.com/cables-de-alimentacion	Cables de Alimentación
,  https://www.pccomponentes.com/cables-duplicadores-vga-dvi-hdmi	Duplicadores DVI/HDMI
,  https://www.pccomponentes.com/cargadores	Cargadores
,  https://www.pccomponentes.com/kvm-switchs-y-cables	Switchs KVM y Cables
,  https://www.pccomponentes.com/regletas	Regletas
,  https://www.pccomponentes.com/ocio-y-tiempo-libre	
,  https://www.pccomponentes.com/ocio-y-tiempo-libre	Ver todo  Ocio y Tiempo libre,  https://www.pccomponentes.com/juguetes	Juguetes
,  https://www.pccomponentes.com/juguetes/vtech	Juguetes Vtech
,  https://www.pccomponentes.com/smartwatch	Smartwatches
,  https://www.pccomponentes.com/telescopios	Telescopios
,  https://www.pccomponentes.com/prismaticos	Prismáticos
 ,  https://www.pccomponentes.com/gadgets	Gadgets
,  https://www.pccomponentes.com/pulseras-de-actividad	Pulsera de Actividad
,  https://www.pccomponentes.com/relojes-deportivos-pulsometros	Relojes deportivos y pulsómetros
,  https://www.pccomponentes.com/auriculares-deportivos	Auriculares Deportivos
,  https://www.pccomponentes.com/hoverboards	Hoverboards
,  https://www.pccomponentes.com/patinetes-electricos	Patinetes
,  https://www.pccomponentes.com/vehiculos-electricos-para-ninos	Vehículos Eléctricos
,  https://www.pccomponentes.com/bicicletas-electricas	Bicicletas eléctricas
,  https://www.pccomponentes.com/accesorios-para-bicicletas	Accesorios para bicicletas
,  https://www.pccomponentes.com/drones	Drones
 ,  https://www.pccomponentes.com/radiocontrol	Radio Control
,  https://www.pccomponentes.com/accesorios-drones	Accesorios para Drones
,  https://www.pccomponentes.com/funko	Funkos
,  https://www.pccomponentes.com/mundo-cine	Mundo Cine
,  https://www.pccomponentes.com/mundo-videojuegos	Mundo Videojuegos
,  https://www.pccomponentes.com/mundo-series	Mundo Series
,  https://www.pccomponentes.com/robotica	Robótica
,  https://www.pccomponentes.com/arduino-componentes	Arduino
,  https://www.pccomponentes.com/gopro	Cámaras y Accesorios GoPro
,  https://www.pccomponentes.com/gafas-realidad-virtual	Gafas Realidad Virtual
,  https://www.pccomponentes.com/blog	¡Conoce nuestro blog!
,  https://www.pccomponentes.com/	Home,  https://www.pccomponentes.com/ordenadores	Ordenadores,  https://www.pccomponentes.com/portatiles	Ver todos los portátiles,  https://www.pccomponentes.com/ofertas-especiales	Ofertas Especiales,  //img.pccomponentes.com/articles/37/378036/1565-hp-15s-fq2079ns-intel-core-i5-1135g7-16gb-512gb-ssd-156.jpg	,  //img.pccomponentes.com/articles/37/378036/2542-hp-15s-fq2079ns-intel-core-i5-1135g7-16gb-512gb-ssd-156-comprar.jpg	,  //img.pccomponentes.com/articles/37/378036/3684-hp-15s-fq2079ns-intel-core-i5-1135g7-16gb-512gb-ssd-156-mejor-precio.jpg	,  //img.pccomponentes.com/articles/37/378036/4361-hp-15s-fq2079ns-intel-core-i5-1135g7-16gb-512gb-ssd-156-especificaciones.jpg	,  //img.pccomponentes.com/articles/37/378036/5135-hp-15s-fq2079ns-intel-core-i5-1135g7-16gb-512gb-ssd-156-caracteristicas.jpg	,  //img.pccomponentes.com/articles/37/378036/693-hp-15s-fq2079ns-intel-core-i5-1135g7-16gb-512gb-ssd-156-opiniones.jpg	,  #	
.,  /soporte/garantia	aquí,  #garantia-drop-down	+ info,  /informacion-garantias	Condiciones generales de la garantía.,  https://twitter.com/intent/tweet?original_referer=https%3A%2F%2Fwww.pccomponentes.com%2Fhp-15s-fq2079ns-intel-core-i5-1135g7-16gb-512gb-ssd-156%3Futm_medium%3Dficha-articulo%26utm_content%3Dcompartir-articulo%26utm_campaign%3Darticulo-378036%26utm_source%3Dtwitter&text=HP+15S-fq2079ns+Intel+Core+i5-1135G7%2F16GB%2F512GB+SSD%2F15.6%22+por+679+euros+http%3A%2F%2Fwww.pccomponentes.com%2Fhp-15s-fq2079ns-intel-core-i5-1135g7-16gb-512gb-ssd-156.html&tw_p=tweetbutton&via=pccomponentes	&,  http://www.facebook.com/sharer.php?u=https%3A%2F%2Fwww.pccomponentes.com%2Fhp-15s-fq2079ns-intel-core-i5-1135g7-16gb-512gb-ssd-156%3Futm_medium%3Dficha-articulo%26utm_content%3Dcompartir-articulo%26utm_campaign%3Darticulo-378036%26utm_source%3Dfacebook	',  mailto:amigo@correo.es?subject=Mira%20lo%20que%20he%20visto%20en%20PcComponentes&body=HP%2015S-fq2079ns%20Intel%20Core%20i5-1135G7%2F16GB%2F512GB%20SSD%2F15.6%22%20por%20679%20euros%20en%20https%3A%2F%2Fwww.pccomponentes.com%2Fhp-15s-fq2079ns-intel-core-i5-1135g7-16gb-512gb-ssd-156%3Futm_medium%3Dficha-articulo%26utm_content%3Dcompartir-articulo%26utm_campaign%3Darticulo-378036%26utm_source%3Demail	;,  #	
,  #hacer-pregunta	Hacer Pregunta,  whatsapp://send?text=Mira+lo+que+he+visto+en+PcComponentes%3A+HP+15S-fq2079ns+Intel+Core+i5-1135G7%2F16GB%2F512GB+SSD%2F15.6%22+por+679+euros+en+https%3A%2F%2Fwww.pccomponentes.com%2Fhp-15s-fq2079ns-intel-core-i5-1135g7-16gb-512gb-ssd-156%3Futm_medium%3Dficha-articulo%26utm_content%3Dcompartir-articulo%26utm_campaign%3Darticulo-378036%26utm_source%3Dwhatsapp	j,  https://www.pccomponentes.com/cupones-descuento-y-codigos-promocionales	Cupones descuento,  https://www.pccomponentes.com/quienes-somos	Quiénes somos,  https://www.pccomponentes.com/tiendas	Nuestras tiendas,  https://pccomponentes.com/afiliados	Afiliados,  https://www.pccomponentes.com/soporte/	Centro de soporte,  https://www.pccomponentes.com/soporte/contacto	Contacto,  https://www.pccomponentes.com/soporte/quiero-hacer-una-devolucion	Devoluciones,  https://www.pccomponentes.com/soporte/garantia	Garantías,  https://www.pccomponentes.com/publicidad	Publicidad,  https://www.pccomponentes.com/trabaja-con-nosotros	Trabaja con nosotros,  https://www.pccomponentes.com/outlet/	Outlet,  https://www.pccomponentes.com/black-friday	Black Friday,  https://www.pccomponentes.com/cyber-monday	Cyber Monday,  https://www.pccomponentes.com/pcdays	PcDays,  https://www.pccomponentes.com/marketplace	Marketplace,  https://www.pccomponentes.com/centros-educativos	Centros educativos,  https://soporteonline.pccomponentes.com/	Cita asistencia técnica,  https://www.pccomponentes.com/blog/categoria-rsc	Responsabilidad Social,  https://www.pccomponentes.com/blog	
,  https://www.instagram.com/pccomponentes/	
,  https://twitter.com/pccomponentes	
,  https://www.facebook.com/pccomponentes	
,  https://t.me/pccomponentesESP	
,  https://www.youtube.com/user/PcComponentescom	
,  https://www.tiktok.com/@pccomponentes.com	
,  https://www.twitch.tv/pccomponenteses	
]
